cutscene_id,kind,stage,asset_path
00_IntroCutScene,stage,00,Assets/Datas/CutScene/SO/00_IntroCutScene.asset
01_ItemCutScene,item,01,Assets/Datas/CutScene/SO/01_ItemCutScene.asset
01_Stage1_CutScene,stage,01,Assets/Datas/CutScene/SO/01_Stage1_CutScene.asset
02_ItemCutScene,item,02,Assets/Datas/CutScene/SO/02_ItemCutScene.asset
02_Stage2_CutScene,stage,02,Assets/Datas/CutScene/SO/02_Stage2_CutScene.asset
03_ItemCutScene,item,03,Assets/Datas/CutScene/SO/03_ItemCutScene.asset
03_Stage3_CutScene,stage,03,Assets/Datas/CutScene/SO/03_Stage3_CutScene.asset
04_ItemCutScene,item,04,Assets/Datas/CutScene/SO/04_ItemCutScene.asset
04_Stage4_CutScene,stage,04,Assets/Datas/CutScene/SO/04_Stage4_CutScene.asset
